"country","2020","2025","2030","2035","2040","2045","2050","2055","2060","2065","2070","2075","2080","2085","2090","2095","2100"
"Afghanistan",38054941,42388400,46699545,50907550,54914122,58614315,61928118,64833869,67307303,69312240,70828562,71835187,72324435,72356276,71993320,71316116,70409629
"Albania",2942034,2946992,2933419,2895451,2833058,2753275,2663591,2570056,2473665,2373506,2268385,2159040,2048793,1940549,1837280,1741935,1657307
"Algeria",43333255,46307643,48821963,51070401,53248997,55411769,57436703,59106493,60316226,61131159,61689919,62099469,62422851,62671784,62814647,62791869,62556472
"Andorra",77184,77775,78154,78444,78550,78205,77187,75467,73261,70942,68854,67171,65955,65111,64451,63809,63125
"Angola",32827401,38431208,44712282,51664864,59249002,67399148,76046053,85132120,94596081,104370664,114365294,124462545,134553234,144539981,154311019,163783817,172860941
"Antigua and Barbuda",105110,110094,114608,118452,121503,123729,125223,126147,126686,127025,127254,127247,126917,126227,125281,124162,122961
"Argentina",45510399,47479800,49323306,51027807,52585643,53988553,55228902,56286317,57142441,57787523,58221093,58468089,58560778,58526221,58370260,58105962,57747478
"Armenia",2938679,2934370,2907463,2866150,2818399,2764618,2700184,2624286,2539596,2449832,2357856,2264623,2171517,2081217,1997038,1919968,1848572
"Australia",25398177,26857068,28234742,29526448,30764641,31982056,33186818,34329789,35404457,36411095,37357006,38244210,39066484,39831668,40552333,41225397,41834586
"Austria",8782210,8878617,8945882,8970477,8962110,8931070,8877857,8798684,8705193,8615630,8536493,8461262,8384848,8312877,8256496,8217908,8189358
"Azerbaijan",10099743,10442074,10680202,10860905,10988920,11049380,11039198,10969019,10857437,10717685,10556306,10381219,10201788,10029543,9869855,9716498,9558619
"Bahamas",406839,424732,439896,451970,461356,468871,474894,479187,481894,483218,483291,482181,480070,477245,474094,470897,467615
"Bahrain",1697765,1862403,2013135,2121977,2205227,2272490,2327108,2370681,2404625,2428211,2440312,2439618,2424974,2396240,2354367,2302610,2246258
"Bangladesh",169775309,178262909,185584811,191600525,196294312,199743520,201926816,202902150,202740914,201527366,199365088,196373334,192648561,188338816,183604470,178612617,173548665
"Barbados",287568,289538,290010,289050,286843,283799,280310,276792,273535,270677,268169,265926,263812,261706,259565,257357,255126
"Belarus",9415431,9311380,9163118,8995426,8837337,8699407,8570898,8438076,8296549,8153400,8020485,7908253,7820208,7754505,7703356,7656366,7605140
"Belgium",11619972,11819487,12001594,12159663,12293880,12403243,12488233,12549705,12597441,12643295,12694403,12750022,12806236,12863112,12920100,12974911,13022033
"Belize",398007,436398,472702,506511,537621,566238,592420,615599,635466,651732,664545,674107,680814,685176,687598,688454,687935
"Benin",12122985,13809467,15628437,17568229,19613944,21741574,23929846,26161405,28413096,30667609,32890347,35058195,37145176,39135904,41007740,42739575,44325028
"Bhutan",835245,877866,913697,942541,965239,982468,994203,999896,998991,991645,978656,961627,942000,921051,899686,878472,857736
"Bolivia",11543982,12359800,13158072,13925118,14643343,15304402,15903460,16435396,16894692,17274698,17574360,17796923,17947326,18031991,18056386,18025788,17946304
"Bosnia and Herzegovina",3498210,3456355,3404781,3336402,3251170,3155712,3058143,2964034,2873153,2781521,2687595,2592972,2501573,2416819,2340932,2274815,2217029
"Botswana",2415766,2614316,2800433,2974633,3137601,3287868,3421404,3533966,3623686,3691108,3739405,3772825,3794632,3805764,3805860,3794780,3773608
"Brazil",213863046,220370552,225472214,229202582,231601656,232724279,232688044,231537607,229293394,226036562,221895313,217053157,211763066,206257958,200774505,195471145,190423052
"Brunei",444519,468771,489666,506838,520202,530096,536723,539860,539575,536327,530850,524038,516681,509197,501707,494185,486608
"Bulgaria",6940527,6694229,6430847,6157135,5894132,5651925,5423867,5201794,4981147,4765543,4567025,4395878,4254229,4138177,4038814,3944705,3849979
"Burkina Faso",20903345,23991225,27382488,31052714,34953797,39024308,43207053,47475204,51778001,56078054,60328379,64466612,68432881,72178105,75651639,78838567,81722867
"Burundi",11939227,13810006,15798849,17970195,20377076,22998539,25762044,28603449,31498166,34457167,37482273,40531733,43547409,46470435,49285379,51970231,54513584
"Cambodia",16715508,17808685,18797878,19723795,20592416,21369568,22019028,22540932,22942211,23229699,23400907,23458459,23423623,23322830,23179296,22989635,22752616
"Cameroon",25958184,29339083,32979644,36883632,41020839,45351038,49817390,54373521,58964821,63552600,68103572,72561962,76875451,80989049,84845301,88403106,91640537
"Canada",37603205,39172922,40617535,41888356,43004685,44011310,44948602,45804729,46629079,47447273,48239730,48958954,49597228,50160738,50675266,51161563,51621993
"Cape Verde",567348,601854,635072,665467,692212,715082,734199,749193,759914,766042,767399,764313,757775,748776,738220,726569,714086
"Central African Republic",4920889,5488896,6123615,6797519,7481447,8165788,8850780,9538009,10218599,10877206,11497740,12067276,12579329,13034570,13432708,13774322,14055261
"Chad",16285093,18775565,21459963,24317309,27321154,30439253,33635795,36878236,40132054,43357148,46506378,49532386,52399973,55072068,57521561,59732523,61690672
"Chile",18472639,19099237,19637321,20058957,20378604,20598059,20718131,20746934,20697074,20583496,20413672,20197380,19938746,19647078,19343221,19044322,18756814
"China",1424548266,1438835697,1441181813,1433508888,1417472814,1394361025,1364456723,1328500912,1288706557,1248117944,1208908827,1171509615,1135754217,1102475450,1072518596,1045800902,1020665216
"Colombia",50220412,51854482,53134127,54054587,54615100,54833764,54732755,54361020,53765455,52985003,52048553,50973494,49782651,48533022,47269911,46025600,44826403
"Comoros",869601,964591,1061775,1161071,1261942,1363098,1462735,1559288,1651809,1739525,1822178,1898357,1967204,2028157,2080599,2124822,2161085
"Congo, Dem. Rep.",89505201,104220558,120442943,138153309,157114000,176960865,197404202,218220444,239148828,260011999,280414206,300057960,318708246,336057529,351969317,366297172,378975244
"Congo, Rep.",5686917,6455373,7318887,8276845,9308628,10388945,11509651,12675151,13885679,15134958,16404435,17675540,18934175,20165952,21360802,22500487,23576569
"Costa Rica",5044179,5247337,5417379,5553946,5658897,5732641,5774070,5784184,5765414,5723098,5660054,5576980,5475768,5363132,5247235,5134448,5027693
"Cote d'Ivoire",26171750,29590631,33337306,37411246,41796024,46463968,51375178,56479575,61750672,67133154,72573371,78012713,83413620,88718229,93889433,98849519,103563352
"Croatia",4115947,4002885,3895784,3790127,3681556,3571860,3460901,3348988,3237205,3127150,3020253,2918615,2824352,2737703,2658317,2585339,2517591
"Cuba",11495492,11513023,11496000,11410652,11266074,11070604,10823142,10523816,10187700,9836515,9512440,9229437,8984796,8748565,8517743,8308995,8119498
"Cyprus",1207343,1247140,1282204,1313542,1341465,1364924,1382839,1393909,1399097,1399397,1395354,1387443,1376391,1363425,1349558,1336017,1323296
"Czech Republic",10633424,10612937,10528196,10396773,10264847,10155117,10054302,9934787,9777427,9585480,9390433,9228510,9114984,9041877,8990017,8943642,8892165
"Denmark",5796800,5913085,6024516,6117850,6192283,6254378,6314402,6375329,6437647,6503115,6569355,6632079,6686353,6728684,6759801,6787536,6814919
"Djibouti",999899,1069009,1132710,1189001,1236850,1276268,1307615,1330906,1345960,1352536,1351296,1343453,1331086,1316122,1299918,1282463,1263813
"Dominica",75052,76643,77593,77883,77766,77396,76725,75668,74216,72445,70447,68342,66065,63630,61229,58962,56914
"Dominican Republic",11108358,11631994,12098320,12496897,12830731,13086762,13264741,13374780,13422524,13414455,13354004,13243914,13088049,12890307,12657220,12395962,12113860
"Ecuador",17335642,18478364,19554856,20554156,21461740,22268680,22968451,23560315,24041840,24410731,24670209,24822803,24876794,24839312,24725840,24550543,24320580
"Egypt",102941484,111470930,119745677,128264287,137065513,145575547,153433492,160546412,167005245,172963944,178407025,183295801,187609559,191350010,194498197,196985980,198748056
"El Salvador",6479066,6641077,6785583,6886840,6961520,6996962,6997410,6967763,6906033,6809916,6680505,6519018,6326918,6108370,5873823,5635784,5404065
"Equatorial Guinea",1406280,1636622,1871220,2104728,2348714,2596652,2844744,3092849,3335951,3568873,3788094,3990517,4175349,4342414,4492376,4625356,4740885
"Eritrea",5432216,6056880,6717687,7420805,8152540,8887988,9606664,10301880,10972592,11615750,12223199,12783154,13290621,13744780,14144954,14490515,14781199
"Estonia",1300559,1280134,1253590,1225001,1197944,1171949,1144747,1115451,1084309,1052261,1020969,991838,965871,943450,924380,907471,890759
"Ethiopia",112759070,126120682,139620178,153036024,166139393,178817639,190869632,202082564,212278592,221317582,229096851,235571073,240712370,244580164,247234529,248837223,249529919
"Fiji",924915,950430,970270,985150,994801,999087,998190,993452,985264,974052,960421,944901,927692,909192,889281,868221,846454
"Finland",5580127,5669119,5739095,5785214,5813529,5837028,5866350,5901156,5939874,5980556,6019077,6050929,6075168,6095031,6111888,6126553,6138570
"France",65721165,66841951,67894271,68860560,69648311,70211636,70608998,70930256,71227445,71561003,71955834,72396525,72847892,73265876,73652809,73986579,74241659
"Gabon",2151289,2371137,2593514,2820808,3053264,3287137,3516141,3733944,3936753,4124301,4297786,4457644,4602495,4730636,4839822,4928318,4996323
"Gambia",2293493,2635740,3000667,3383475,3777102,4172601,4562152,4940793,5304345,5648736,5969719,6261599,6519349,6739862,6923093,7068758,7179802
"Georgia",3898529,3829218,3748350,3662822,3576930,3488799,3393665,3292996,3190547,3091026,2997646,2910505,2828914,2752272,2679812,2610049,2540252
"Germany",82540450,82455044,82186736,81730117,81099557,80269191,79238486,78063809,76918850,75953380,75163796,74404477,73581317,72755692,72055949,71502897,71033283
"Ghana",30733755,33969758,37294019,40719336,44221824,47766708,51269943,54655603,57896929,60994934,63943441,66710967,69256200,71545859,73544161,75273295,76754605
"Greece",11102572,10944624,10783625,10624074,10451869,10243564,9981568,9669776,9329295,8989058,8670399,8391429,8153652,7949986,7766564,7590424,7422817
"Grenada",109308,111186,112024,112255,111972,111145,109581,107255,104156,100433,96263,91806,87274,82789,78484,74309,70258
"Guatemala",17910812,19572502,21202726,22772247,24264472,25666201,26968287,28156409,29215834,30123785,30867068,31436604,31837670,32076970,32172157,32145375,32020390
"Guinea",13750826,15611600,17631380,19788558,22059928,24423594,26852336,29312851,31778122,34213447,36590364,38882199,41067675,43121330,45025738,46761834,48326902
"Guinea-Bissau",2000694,2241865,2492580,2755473,3031196,3315680,3602736,3886400,4163165,4432079,4691250,4939056,5171096,5385219,5578226,5749865,5900589
"Guyana",790782,810501,824982,833489,835119,831011,821906,809183,793109,773916,751791,726644,699220,670701,642349,614814,588127
"Haiti",11371185,11986045,12543964,13036257,13454085,13792760,14041135,14205592,14280338,14269805,14185440,14041192,13853159,13631586,13384279,13118308,12840302
"Holy See",801,801,797,795,798,808,806,815,809,810,814,805,803,804,804,803,798
"Honduras",9719265,10454849,11147351,11778686,12339417,12830963,13248655,13591414,13856012,14040968,14142488,14164860,14115943,14006589,13848311,13654092,13437227
"Hong Kong, China",7547652,7768510,7987249,8126741,8199064,8233792,8253141,8266853,8276133,8272466,8250655,8214663,8182402,8170698,8191445,8237712,8298640
"Hungary",9621254,9439465,9235459,9004466,8757846,8512785,8278700,8052238,7824309,7592536,7365054,7155511,6968617,6801586,6650545,6513862,6388053
"Iceland",343228,355184,365646,374297,381151,386349,390071,392533,394122,395057,395253,394662,393195,391009,388356,385556,382627
"India",1383197753,1451829004,1512985207,1564570223,1605355574,1636496308,1658978162,1673078321,1678568111,1675744291,1665179391,1648425091,1626927002,1602017424,1574797201,1545958898,1516597380
"Indonesia",272222987,284751045,295595234,304758627,312134188,317731985,321550686,323790912,324706159,324574722,323652789,322033592,319781248,316961615,313660544,309964674,306025532
"Iran",83587129,86729781,88863308,90478779,91899463,93045086,93553454,93147423,91802462,89721573,87177099,84401124,81606260,79001898,76667127,74533592,72462296
"Iraq",41502885,47199653,53297666,59820984,66751984,74007050,81490359,89130835,96862785,104689915,112532712,120327004,127976683,135396930,142513569,149251037,155556001
"Ireland",4887992,5063876,5219951,5374338,5530561,5677669,5801399,5892221,5955712,6004954,6052152,6107231,6173357,6245244,6311390,6360533,6388798
"Israel",8713559,9348954,9983645,10628000,11281554,11937013,12577297,13187281,13758978,14294649,14803038,15285630,15741788,16161869,16535163,16857479,17124303
"Italy",59132073,58623032,58109918,57534360,56872174,56071394,55093194,53933322,52685582,51505783,50532918,49820740,49325037,48936727,48574826,48205301,47819324
"Jamaica",2913160,2934223,2932629,2908064,2858381,2789062,2703591,2606519,2497451,2375776,2244271,2105873,1964088,1822486,1685261,1555783,1435502
"Japan",126495647,124309808,121580505,118499790,115212067,111923238,108794446,105805496,102747177,99543480,96369242,93477602,91100643,89125918,87442977,85934292,84532388
"Jordan",10208662,10610246,11122063,11840789,12679815,13470733,14187734,14816149,15363306,15838920,16253949,16606016,16889908,17102707,17242780,17313695,17319499
"Kazakhstan",18777139,19610258,20301322,20950360,21621166,22309977,22959432,23505028,23931858,24279110,24594973,24901384,25199293,25460275,25650770,25743864,25738006
"Kenya",53491697,60063158,66959993,74086106,81286865,88434154,95467137,102302686,108838578,114980216,120634465,125717353,130208287,134106797,137384135,140049179,142123899
"Kiribati",122439,132270,141538,150340,159295,168697,178085,187050,195289,202830,209956,216932,223697,229852,235097,239450,243125
"North Korea",25840863,26350877,26743895,26971999,27034528,26967265,26808680,26586250,26321376,26024364,25708449,25375847,25031518,24677653,24317792,23952021,23581172
"South Korea",51506975,52219340,52701817,52805846,52409408,51586184,50456832,49131721,47720971,46314891,44924624,43565653,42294443,41145395,40174645,39356816,38707134
"Kuwait",4302875,4602914,4873674,5111323,5323821,5504477,5643532,5748264,5827732,5897033,5966806,6037495,6102737,6155158,6192779,6217291,6231155
"Kyrgyz Republic",6301718,6675072,6997284,7300284,7596178,7872543,8112653,8311417,8470031,8596829,8697868,8775263,8833460,8875401,8897809,8891668,8851934
"Lao",7164822,7629773,8048698,8416467,8727905,8978146,9162892,9283327,9339862,9335058,9273381,9162057,9010877,8830990,8632672,8420917,8200027
"Latvia",1892993,1812682,1747192,1681894,1622754,1569178,1517200,1465736,1415076,1366653,1322014,1282562,1248794,1220456,1196089,1173129,1149325
"Lebanon",6019795,5605987,5368598,5335520,5392419,5412032,5411830,5399312,5367998,5303918,5200405,5061624,4903555,4743165,4594249,4462823,4349738
"Lesotho",2322217,2466330,2607957,2752561,2902197,3054502,3203470,3343817,3469806,3578718,3670731,3746382,3806349,3851474,3882495,3900158,3904989
"Liberia",5103853,5770096,6495377,7271261,8087611,8934809,9804031,10689379,11581381,12471642,13348829,14202237,15022009,15797873,16522941,17190605,17800502
"Libya",6662173,7031832,7342346,7603743,7825251,8003680,8123669,8175198,8163080,8106794,8030639,7948544,7865858,7776465,7674391,7557720,7431453
"Liechtenstein",38645,39844,40918,41770,42378,42785,43096,43342,43571,43831,44126,44471,44841,45205,45542,45821,46075
"Lithuania",2852478,2788010,2717731,2638998,2557900,2480144,2406723,2338008,2273154,2211262,2152771,2098868,2050228,2006946,1968942,1935408,1904002
"Luxembourg",603944,641757,674864,707373,738428,767807,795916,822022,846454,869888,892557,914128,934327,953584,971889,989000,1004737
"Macedonia, FYR",2088035,2088336,2076350,2051170,2015548,1974422,1931001,1885702,1836928,1784308,1729015,1674038,1622647,1576657,1536438,1500453,1467059
"Madagascar",27690798,31500077,35591943,39891388,44367656,49012988,53802574,58686533,63594676,68473226,73274376,77946072,82452185,86742010,90776882,94539567,98001584
"Malawi",20283691,23277224,26578247,30109857,33836707,37719155,41705002,45752245,49799238,53784568,57643148,61315271,64759965,67945464,70837984,73429175,75710602
"Malaysia",32869323,34949758,36814968,38380670,39668262,40760928,41729217,42560484,43194485,43580750,43697589,43580736,43307700,42958599,42585801,42203736,41799363
"Maldives",458909,489695,511766,529943,546961,563119,576435,584547,586619,583247,575584,564416,550485,535053,520186,507423,496493
"Mali",20284180,23475747,27057112,30982972,35173773,39542118,44020171,48575874,53153630,57707270,62162821,66436958,70466814,74189589,77563590,80574641,83207100
"Malta",434363,439036,439963,436695,431149,424966,419247,413968,408486,402049,394244,385454,376678,368742,362084,356697,352199
"Marshall Islands",53251,53702,55634,58586,61858,64457,65868,66575,67496,69108,71173,72987,73993,74087,73551,72757,71925
"Mauritania",4783767,5416711,6076668,6766329,7482408,8218228,8965000,9713321,10457086,11190525,11907842,12602931,13269949,13902661,14489677,15029498,15518953
"Mauritius",1274114,1283273,1286934,1282701,1269200,1247598,1221030,1193212,1165670,1138022,1109336,1078966,1047260,1015508,984928,956636,931656
"Mexico",133870027,141131503,147540127,153060606,157689665,161436237,164279302,166206147,167182207,167249641,166496007,165059416,163097669,160659839,157825851,154729398,151491044
"Micronesia, Fed. Sts.",107774,112283,117430,121579,124494,126546,128193,129688,130594,130377,128818,126216,123130,120018,116975,113889,110629
"Moldova",4017687,3943322,3843941,3721155,3583993,3440601,3293157,3141130,2982826,2817998,2651343,2490736,2346499,2223664,2120821,2032614,1952909
"Monaco",39297,40294,41362,42462,43487,44513,45685,46949,48281,49682,51198,52788,54407,55993,57474,58827,60055
"Mongolia",3209404,3402258,3560959,3698058,3827004,3953993,4075382,4176784,4250134,4301957,4344680,4387607,4434048,4479504,4515683,4536345,4540768
"Montenegro",629397,628109,624702,618895,610465,599832,587899,575466,562639,549098,534678,519659,504507,489588,475264,461628,448946
"Morocco",37070718,39100641,40873592,42407174,43713705,44798428,45659886,46301091,46709789,46886622,46842859,46606862,46225536,45740112,45174846,44536323,43840152
"Mozambique",32309195,37116198,42438703,48241764,54443113,60974587,67774943,74811033,82012248,89284091,96544446,103698559,110667324,117360436,123688395,129613774,135046350
"Myanmar",54808276,57001494,58915869,60430924,61489087,62104926,62358925,62333901,62077306,61608616,60928109,60060141,59040660,57936924,56824585,55755264,54742635
"Namibia",2696537,2970214,3245659,3520740,3796319,4071137,4339498,4593670,4827642,5038818,5225301,5386772,5523643,5635746,5724364,5790355,5834532
"Nauru",11227,11326,11454,11527,11522,11461,11337,11176,10979,10787,10578,10373,10160,9956,9742,9529,9321
"Nepal",30260244,31813598,33167612,34246881,35068441,35685878,36106578,36328047,36321446,36073652,35590988,34882203,33976255,32907932,31731982,30514805,29317902
"Netherlands",17181248,17414354,17594086,17694135,17700286,17629558,17517575,17388808,17262566,17156907,17074532,16999718,16911331,16806546,16695179,16586218,16479579
"New Zealand",4834420,5032308,5213103,5369785,5502172,5614865,5711484,5793036,5863519,5928830,5991081,6046587,6088163,6111497,6122565,6128438,6130830
"Nicaragua",6416568,6732197,7046293,7318402,7548564,7734905,7875742,7972045,8021897,8023752,7977292,7885667,7756639,7599929,7425055,7239517,7048824
"Niger",24074693,29078590,34993540,41875504,49754920,58628306,68453727,79164493,90655175,102792433,115399229,128363138,141453500,154536803,167455204,180052321,192186560
"Nigeria",206152701,233691888,264067527,297323173,333172092,371119359,410637868,451310617,492643358,534359116,576062295,617054577,656683661,694557237,730325352,763551079,793942316
"Norway",5449693,5707475,5959215,6193139,6406959,6607166,6801515,6983785,7152892,7310918,7460802,7602307,7730304,7842862,7942770,8032859,8112107
"Oman",5149700,5572149,5897473,6128590,6343520,6549888,6756570,6923098,7036547,7095546,7107279,7079876,7019275,6930314,6820026,6698449,6572116
"Pakistan",208362334,226767952,244248371,261093438,277494590,293003264,306940443,318887652,328858580,337005859,343515596,348468054,351849890,353751829,354296824,353607849,351942931
"Palau",22442,23635,24760,25715,26463,27057,27580,28064,28493,28812,28998,29038,28999,28967,28903,28772,28634
"Panama",4289330,4596066,4884311,5151312,5399082,5625556,5827106,6000882,6146712,6266925,6363384,6438571,6494368,6531589,6550992,6553466,6539833
"Papua New Guinea",8755675,9614314,10486891,11361744,12224302,13064330,13871403,14641522,15366891,16040116,16655556,17204907,17685632,18099425,18446759,18732528,18959443
"Paraguay",7066330,7473078,7844904,8175687,8460299,8700127,8897182,9052053,9160878,9218838,9225410,9185595,9107370,9003176,8884106,8754966,8617215
"Peru",33312178,35130736,36806784,38298817,39606088,40719548,41620307,42301832,42772079,43041221,43124186,43037103,42794882,42426987,41953070,41401846,40783450
"Philippines",109703396,117664680,125372282,132667616,139447689,145664722,151293435,156342005,160722645,164427119,167443451,169786052,171478014,172583042,173187896,173336706,173059809
"Poland",37942231,37373183,36615500,35691755,34654579,33544891,32390037,31204241,29980897,28694887,27360434,26035142,24799549,23708615,22773788,21965753,21241891
"Portugal",10218413,10047807,9877056,9696318,9495169,9262006,8994594,8696394,8384349,8076508,7789338,7534799,7316447,7124057,6943589,6768628,6603913
"Qatar",2791807,3028568,3231911,3402497,3536617,3660625,3773285,3869369,3946928,4005931,4047701,4072091,4078114,4066076,4040192,4007024,3971422
"Romania",19388362,18926996,18464237,17973608,17463110,16935314,16397352,15854854,15307163,14767159,14260150,13802005,13389792,13019887,12683171,12374601,12082408
"Russia",143786842,142606884,140543418,138076421,135836501,134127418,132730511,131309575,129695944,127958458,126393174,125263180,124675359,124520369,124512823,124381965,124012605
"Rwanda",13087173,14543965,16024252,17542746,19065658,20529380,21886077,23126854,24254197,25256531,26122284,26833816,27390322,27796802,28059365,28184314,28184816
"St. Kitts and Nevis",56813,58917,60603,61868,62737,63239,63386,63191,62736,62050,61219,60292,59346,58362,57367,56352,55328
"St. Lucia",181203,184321,186369,187162,186636,184952,182279,178766,174462,169482,163936,157939,151626,145220,139003,133202,128057
"St. Vincent and the Grenadines",110757,111643,112106,112219,112012,111053,109406,107240,104664,101783,98616,95215,91680,88039,84391,80803,77302
"Samoa",200117,206018,212095,221098,229926,237530,243371,248234,252885,257690,262390,266324,269009,270294,270403,269591,268080
"San Marino",33809,34327,34688,34902,34965,34895,34704,34410,34088,33741,33396,33081,32802,32599,32434,32313,32233
"Sao Tome and Principe",218011,242282,268471,295864,323814,351902,379749,407332,434349,460731,486340,510907,533997,555342,574656,591958,607347
"Saudi Arabia",34709640,37290305,39480349,41317419,42777611,44026516,45056349,45790676,46184561,46272457,46160345,45951118,45698635,45406141,45043753,44589081,44028699
"Senegal",17200154,19576780,22123230,24861284,27785159,30859185,34030620,37255131,40506694,43774198,47045071,50289008,53471306,56551650,59482235,62240467,64806263
"Serbia",8703942,8541293,8355445,8143972,7912824,7676522,7447023,7226282,7006907,6785108,6563751,6348612,6144372,5954459,5778633,5615485,5464284
"Seychelles",96112,97414,98010,98241,98185,97721,96643,95017,93076,91116,89303,87677,86205,84795,83397,81926,80309
"Sierra Leone",8046931,8873984,9719531,10567515,11403087,12208952,12971626,13681848,14325016,14893871,15380332,15778555,16083420,16300020,16435233,16495859,16491439
"Singapore",5935053,6157267,6342470,6479855,6563055,6592118,6574759,6517110,6432261,6329449,6214806,6091550,5965131,5835720,5703763,5567391,5431922
"Slovak Republic",5451400,5437850,5387458,5300586,5192521,5078835,4964542,4846431,4718343,4577326,4429950,4288963,4165691,4063989,3979425,3904738,3833804
"Slovenia",2082055,2076082,2059211,2035168,2007340,1976540,1941851,1902579,1860175,1817165,1776783,1742008,1714899,1695839,1682873,1672622,1661804
"Solomon Islands",647297,708678,772545,838538,905073,970329,1032777,1092681,1149835,1204437,1255881,1303349,1345769,1382333,1412914,1437975,1457877
"Somalia",16105174,18665849,21535019,24699613,28145899,31869275,35851792,40049539,44409572,48875776,53406176,57953019,62459838,66868091,71126692,75171009,78971914
"South Africa",58721229,61790036,64465553,66880284,69076390,71045890,72754583,74195134,75366857,76287421,76962552,77391684,77593422,77582110,77379500,77008161,76487698
"Spain",46459219,46306820,46115125,45860815,45538502,45079683,44394558,43437294,42272217,41025211,39842942,38858203,38148865,37666643,37273831,36859888,36378242
"Sri Lanka",21084042,21349942,21474701,21491895,21397716,21165080,20792352,20325944,19804831,19255946,18693181,18113572,17514368,16899516,16275814,15650838,15035749
"Sudan",43541203,48999711,54842478,60996110,67357464,73834917,80385607,86991221,93616439,100199791,106641644,112828238,118689326,124210435,129394703,134208984,138648073
"Suriname",577752,599095,616728,630385,640018,645908,648399,648327,646101,641991,636137,628607,619707,609652,598903,587774,576392
"Swaziland",1439295,1555332,1666435,1774685,1881370,1984608,2081036,2168275,2244414,2308867,2361476,2402388,2432127,2451561,2461834,2463545,2457301
"Sweden",10121686,10435342,10712041,10942470,11157892,11384781,11626301,11857677,12066397,12257434,12444178,12629266,12802156,12957860,13106791,13263151,13415547
"Switzerland",8670535,8954578,9203908,9412115,9586938,9741501,9879901,9985870,10063505,10129335,10194761,10254046,10302232,10345817,10392925,10441021,10482416
"Syria",18924442,23410906,26608489,28885224,30798944,32524870,34021051,35301808,36393430,37302609,38018375,38528286,38827508,38918013,38814874,38544671,38166870
"Taiwan",23817905,24045238,24150708,24100534,23830334,23359293,22770537,22127286,21464033,20786440,20086382,19371065,18683773,18085164,17596320,17201216,16886866
"Tajikistan",9475246,10360358,11194411,12022921,12876073,13727805,14521291,15233335,15873917,16466436,17015383,17506400,17921621,18262846,18541062,18764776,18928234
"Tanzania",62774619,72681070,83702053,95861531,109059518,123173856,138081621,153731223,170043234,186861214,204040056,221357454,238624499,255674875,272357618,288474581,303831815
"Thailand",69410868,69685486,69626212,69199658,68338474,67045545,65372345,63432268,61386890,59368943,57437935,55618214,53874002,52179082,50530584,48964988,47535689
"Timor-Leste",1381400,1536341,1704105,1879943,2059551,2240424,2420760,2602839,2784665,2963441,3134185,3292268,3435668,3562502,3673506,3768649,3847760
"Togo",8384291,9411356,10507241,11663343,12860688,14078714,15298154,16513670,17712220,18887516,20023795,21104102,22113506,23039006,23868799,24604759,25246548
"Tonga",111037,115793,121055,126596,131906,136387,139926,143068,146232,149465,152465,154888,156528,157486,157986,158212,158212
"Trinidad and Tobago",1377729,1380806,1373659,1360624,1343469,1322051,1295069,1262854,1227120,1190249,1154430,1120643,1089510,1060676,1033537,1007607,982905
"Tunisia",11903136,12431567,12841615,13161033,13434541,13681104,13883996,14015357,14063520,14043260,13980513,13897526,13805379,13706996,13598730,13471816,13321053
"Turkey",83835750,86124851,88416609,90915264,92980818,94561424,95626879,96182060,96221010,95792894,94969861,93848004,92500581,90987823,89329723,87575504,85776302
"Turkmenistan",6031195,6430544,6767418,7073504,7371176,7650906,7887617,8065655,8191235,8281000,8351772,8405779,8438092,8444898,8426093,8383789,8323978
"Tuvalu",11499,12084,12699,13264,13742,14158,14580,15051,15519,15953,16309,16589,16848,17074,17283,17456,17579
"Uganda",47187703,55085460,63842360,73386500,83604961,94406655,105698201,117362214,129232610,141152605,152984654,164580107,175780629,186426398,196377860,205526043,213758214
"Ukraine",43579234,42452647,41200374,39896340,38658013,37512851,36415702,35315013,34190485,33061130,31992330,31056617,30287940,29673481,29160406,28678792,28185563
"United Arab Emirates",9813170,10435287,11054579,11642335,12207333,12721861,13163548,13536292,13850931,14118248,14342412,14523728,14658580,14745503,14788066,14795228,14776335
"United Kingdom",67334208,69074025,70578614,71897215,73125233,74301029,75381137,76271777,76971438,77589761,78211698,78818439,79360698,79827235,80249247,80641838,80975491
"United States",331431534,343255846,354711670,365033872,374068752,382058853,389591663,397018031,404562225,412054508,419161631,425493571,430964445,435665821,439872947,443835150,447483156
"Uruguay",3494387,3548938,3594299,3628564,3650962,3662036,3662437,3653202,3634283,3605651,3567823,3521998,3469915,3413165,3352304,3290405,3229220
"Uzbekistan",33235825,35146617,36712267,38059262,39246465,40238337,40950366,41358196,41497995,41434391,41220568,40881556,40442426,39929678,39366925,38770742,38142231
"Vanuatu",293934,323766,353974,384535,415081,445242,474593,502792,529615,554793,578204,599616,618990,636294,651432,664249,674676
"Venezuela",33172392,35040206,36749904,38265561,39578762,40685814,41584988,42290397,42812908,43165379,43356576,43387097,43262818,43004034,42633778,42173762,41642146
"Palestine",5322629,6022270,6739073,7467678,8208074,8957046,9704205,10436636,11140803,11810055,12437518,13019365,13550011,14026590,14447911,14811242,15114548
"Vietnam",98360145,102763511,106283637,108988478,111229112,113144909,114629852,115517962,115727991,115322545,114496277,113447782,112290570,111079345,109875575,108722517,107645705
"Yemen",30245305,33560644,36815286,39962096,42986334,45791086,48304040,50438268,52150388,53433907,54320079,54854450,55086108,55042834,54750720,54237944,53535658
"Zambia",18679273,21593825,24859376,28441399,32326616,36516657,41000822,45763655,50751286,55936138,61285791,66770853,72345813,77948303,83524920,89027867,94409602
"Zimbabwe",17680465,19571154,21526861,23556026,25625981,27678330,29658750,31516725,33226222,34774981,36164172,37386604,38425112,39274605,39930170,40397615,40687107
"South Sudan",13610007,15395477,17254367,19182891,21189205,23257015,25366221,27488849,29590035,31640614,33613665,35488178,37245862,38866972,40334627,41642882,42794448
